id,name,weight,height,types,sprite
1,bulbasaur,69,7,grass,https://raw.githubusercontent.com/PokeAPI/sprites/master/sprites/pokemon/1.png
2,ivysaur,130,10,grass,https://raw.githubusercontent.com/PokeAPI/sprites/master/sprites/pokemon/2.png
3,venusaur,1000,20,grass,https://raw.githubusercontent.com/PokeAPI/sprites/master/sprites/pokemon/3.png
4,charmander,85,6,fire,https://raw.githubusercontent.com/PokeAPI/sprites/master/sprites/pokemon/4.png
5,charmeleon,190,11,fire,https://raw.githubusercontent.com/PokeAPI/sprites/master/sprites/pokemon/5.png
6,charizard,905,17,fire,https://raw.githubusercontent.com/PokeAPI/sprites/master/sprites/pokemon/6.png
7,squirtle,90,5,water,https://raw.githubusercontent.com/PokeAPI/sprites/master/sprites/pokemon/7.png
8,wartortle,225,10,water,https://raw.githubusercontent.com/PokeAPI/sprites/master/sprites/pokemon/8.png
9,blastoise,855,16,water,https://raw.githubusercontent.com/PokeAPI/sprites/master/sprites/pokemon/9.png
10,caterpie,29,3,bug,https://raw.githubusercontent.com/PokeAPI/sprites/master/sprites/pokemon/10.png
11,metapod,99,7,bug,https://raw.githubusercontent.com/PokeAPI/sprites/master/sprites/pokemon/11.png
12,butterfree,320,11,bug,https://raw.githubusercontent.com/PokeAPI/sprites/master/sprites/pokemon/12.png
13,weedle,32,3,bug,https://raw.githubusercontent.com/PokeAPI/sprites/master/sprites/pokemon/13.png
14,kakuna,100,6,bug,https://raw.githubusercontent.com/PokeAPI/sprites/master/sprites/pokemon/14.png
15,beedrill,295,10,bug,https://raw.githubusercontent.com/PokeAPI/sprites/master/sprites/pokemon/15.png
16,pidgey,18,3,normal,https://raw.githubusercontent.com/PokeAPI/sprites/master/sprites/pokemon/16.png
17,pidgeotto,300,11,normal,https://raw.githubusercontent.com/PokeAPI/sprites/master/sprites/pokemon/17.png
18,pidgeot,395,15,normal,https://raw.githubusercontent.com/PokeAPI/sprites/master/sprites/pokemon/18.png
19,rattata,35,3,normal,https://raw.githubusercontent.com/PokeAPI/sprites/master/sprites/pokemon/19.png
20,raticate,185,7,normal,https://raw.githubusercontent.com/PokeAPI/sprites/master/sprites/pokemon/20.png
21,spearow,20,3,normal,https://raw.githubusercontent.com/PokeAPI/sprites/master/sprites/pokemon/21.png
22,fearow,380,12,normal,https://raw.githubusercontent.com/PokeAPI/sprites/master/sprites/pokemon/22.png
23,ekans,69,20,poison,https://raw.githubusercontent.com/PokeAPI/sprites/master/sprites/pokemon/23.png
24,arbok,650,35,poison,https://raw.githubusercontent.com/PokeAPI/sprites/master/sprites/pokemon/24.png
25,pikachu,60,4,electric,https://raw.githubusercontent.com/PokeAPI/sprites/master/sprites/pokemon/25.png
26,raichu,300,8,electric,https://raw.githubusercontent.com/PokeAPI/sprites/master/sprites/pokemon/26.png
27,sandshrew,120,6,ground,https://raw.githubusercontent.com/PokeAPI/sprites/master/sprites/pokemon/27.png
28,sandslash,295,10,ground,https://raw.githubusercontent.com/PokeAPI/sprites/master/sprites/pokemon/28.png
29,nidoran_f,70,4,poison,https://raw.githubusercontent.com/PokeAPI/sprites/master/sprites/pokemon/29.png
30,nidorina,200,8,poison,https://raw.githubusercontent.com/PokeAPI/sprites/master/sprites/pokemon/30.png
31,nidoqueen,600,13,poison,https://raw.githubusercontent.com/PokeAPI/sprites/master/sprites/pokemon/31.png
32,nidoran_m,90,5,poison,https://raw.githubusercontent.com/PokeAPI/sprites/master/sprites/pokemon/32.png
33,nidorino,195,9,poison,https://raw.githubusercontent.com/PokeAPI/sprites/master/sprites/pokemon/33.png
34,nidoking,620,14,poison,https://raw.githubusercontent.com/PokeAPI/sprites/master/sprites/pokemon/34.png
35,clefairy,75,6,fairy,https://raw.githubusercontent.com/PokeAPI/sprites/master/sprites/pokemon/35.png
36,clefable,400,13,fairy,https://raw.githubusercontent.com/PokeAPI/sprites/master/sprites/pokemon/36.png
37,vulpix,99,6,fire,https://raw.githubusercontent.com/PokeAPI/sprites/master/sprites/pokemon/37.png
38,ninetales,199,11,fire,https://raw.githubusercontent.com/PokeAPI/sprites/master/sprites/pokemon/38.png
39,jigglypuff,55,5,normal,https://raw.githubusercontent.com/PokeAPI/sprites/master/sprites/pokemon/39.png
40,wigglytuff,120,10,normal,https://raw.githubusercontent.com/PokeAPI/sprites/master/sprites/pokemon/40.png
41,zubat,75,8,poison,https://raw.githubusercontent.com/PokeAPI/sprites/master/sprites/pokemon/41.png
42,golbat,550,16,poison,https://raw.githubusercontent.com/PokeAPI/sprites/master/sprites/pokemon/42.png
43,oddish,54,5,grass,https://raw.githubusercontent.com/PokeAPI/sprites/master/sprites/pokemon/43.png
44,gloom,86,8,grass,https://raw.githubusercontent.com/PokeAPI/sprites/master/sprites/pokemon/44.png
45,vileplume,186,12,grass,https://raw.githubusercontent.com/PokeAPI/sprites/master/sprites/pokemon/45.png
46,paras,54,3,bug,https://raw.githubusercontent.com/PokeAPI/sprites/master/sprites/pokemon/46.png
47,parasect,295,10,bug,https://raw.githubusercontent.com/PokeAPI/sprites/master/sprites/pokemon/47.png
48,venonat,300,10,bug,https://raw.githubusercontent.com/PokeAPI/sprites/master/sprites/pokemon/48.png
49,venomoth,125,15,bug,https://raw.githubusercontent.com/PokeAPI/sprites/master/sprites/pokemon/49.png
50,diglett,8,2,ground,https://raw.githubusercontent.com/PokeAPI/sprites/master/sprites/pokemon/50.png
51,dugtrio,333,7,ground,https://raw.githubusercontent.com/PokeAPI/sprites/master/sprites/pokemon/51.png
52,meowth,42,4,normal,https://raw.githubusercontent.com/PokeAPI/sprites/master/sprites/pokemon/52.png
53,persian,320,10,normal,https://raw.githubusercontent.com/PokeAPI/sprites/master/sprites/pokemon/53.png
54,psyduck,196,8,water,https://raw.githubusercontent.com/PokeAPI/sprites/master/sprites/pokemon/54.png
55,golduck,766,17,water,https://raw.githubusercontent.com/PokeAPI/sprites/master/sprites/pokemon/55.png
56,mankey,280,5,fighting,https://raw.githubusercontent.com/PokeAPI/sprites/master/sprites/pokemon/56.png
57,primeape,320,10,fighting,https://raw.githubusercontent.com/PokeAPI/sprites/master/sprites/pokemon/57.png
58,growlithe,190,7,fire,https://raw.githubusercontent.com/PokeAPI/sprites/master/sprites/pokemon/58.png
59,arcanine,1550,19,fire,https://raw.githubusercontent.com/PokeAPI/sprites/master/sprites/pokemon/59.png
60,poliwag,124,6,water,https://raw.githubusercontent.com/PokeAPI/sprites/master/sprites/pokemon/60.png
61,poliwhirl,200,10,water,https://raw.githubusercontent.com/PokeAPI/sprites/master/sprites/pokemon/61.png
62,poliwrath,540,13,water,https://raw.githubusercontent.com/PokeAPI/sprites/master/sprites/pokemon/62.png
63,abra,195,9,psychic,https://raw.githubusercontent.com/PokeAPI/sprites/master/sprites/pokemon/63.png
64,kadabra,565,13,psychic,https://raw.githubusercontent.com/PokeAPI/sprites/master/sprites/pokemon/64.png
65,alakazam,480,15,psychic,https://raw.githubusercontent.com/PokeAPI/sprites/master/sprites/pokemon/65.png
66,machop,195,8,fighting,https://raw.githubusercontent.com/PokeAPI/sprites/master/sprites/pokemon/66.png
67,machoke,705,15,fighting,https://raw.githubusercontent.com/PokeAPI/sprites/master/sprites/pokemon/67.png
68,machamp,1300,16,fighting,https://raw.githubusercontent.com/PokeAPI/sprites/master/sprites/pokemon/68.png
69,bellsprout,40,7,grass,https://raw.githubusercontent.com/PokeAPI/sprites/master/sprites/pokemon/69.png
70,weepinbell,64,10,grass,https://raw.githubusercontent.com/PokeAPI/sprites/master/sprites/pokemon/70.png
71,victreebel,155,17,grass,https://raw.githubusercontent.com/PokeAPI/sprites/master/sprites/pokemon/71.png
72,tentacool,455,9,water,https://raw.githubusercontent.com/PokeAPI/sprites/master/sprites/pokemon/72.png
73,tentacruel,550,16,water,https://raw.githubusercontent.com/PokeAPI/sprites/master/sprites/pokemon/73.png
74,geodude,200,4,rock,https://raw.githubusercontent.com/PokeAPI/sprites/master/sprites/pokemon/74.png
75,graveler,1050,10,rock,https://raw.githubusercontent.com/PokeAPI/sprites/master/sprites/pokemon/75.png
76,golem,3000,14,rock,https://raw.githubusercontent.com/PokeAPI/sprites/master/sprites/pokemon/76.png
77,ponyta,300,10,fire,https://raw.githubusercontent.com/PokeAPI/sprites/master/sprites/pokemon/77.png
78,rapidash,950,17,fire,https://raw.githubusercontent.com/PokeAPI/sprites/master/sprites/pokemon/78.png
79,slowpoke,360,12,water,https://raw.githubusercontent.com/PokeAPI/sprites/master/sprites/pokemon/79.png
80,slowbro,785,16,water,https://raw.githubusercontent.com/PokeAPI/sprites/master/sprites/pokemon/80.png
81,magnemite,60,3,electric,https://raw.githubusercontent.com/PokeAPI/sprites/master/sprites/pokemon/81.png
82,magneton,600,10,electric,https://raw.githubusercontent.com/PokeAPI/sprites/master/sprites/pokemon/82.png
83,farfetchd,150,8,normal,https://raw.githubusercontent.com/PokeAPI/sprites/master/sprites/pokemon/83.png
84,doduo,392,14,normal,https://raw.githubusercontent.com/PokeAPI/sprites/master/sprites/pokemon/84.png
85,dodrio,852,18,normal,https://raw.githubusercontent.com/PokeAPI/sprites/master/sprites/pokemon/85.png
86,seel,900,11,water,https://raw.githubusercontent.com/PokeAPI/sprites/master/sprites/pokemon/86.png
87,dewgong,1200,17,water,https://raw.githubusercontent.com/PokeAPI/sprites/master/sprites/pokemon/87.png
88,grimer,300,9,poison,https://raw.githubusercontent.com/PokeAPI/sprites/master/sprites/pokemon/88.png
89,muk,300,12,poison,https://raw.githubusercontent.com/PokeAPI/sprites/master/sprites/pokemon/89.png
90,shellder,40,3,water,https://raw.githubusercontent.com/PokeAPI/sprites/master/sprites/pokemon/90.png
91,cloyster,1325,15,water,https://raw.githubusercontent.com/PokeAPI/sprites/master/sprites/pokemon/91.png
92,gastly,1,13,ghost,https://raw.githubusercontent.com/PokeAPI/sprites/master/sprites/pokemon/92.png
93,haunter,1,16,ghost,https://raw.githubusercontent.com/PokeAPI/sprites/master/sprites/pokemon/93.png
94,gengar,405,15,ghost,https://raw.githubusercontent.com/PokeAPI/sprites/master/sprites/pokemon/94.png
95,onix,2100,88,rock,https://raw.githubusercontent.com/PokeAPI/sprites/master/sprites/pokemon/95.png
96,drowzee,324,10,psychic,https://raw.githubusercontent.com/PokeAPI/sprites/master/sprites/pokemon/96.png
97,hypno,756,16,psychic,https://raw.githubusercontent.com/PokeAPI/sprites/master/sprites/pokemon/97.png
98,krabby,65,4,water,https://raw.githubusercontent.com/PokeAPI/sprites/master/sprites/pokemon/98.png
99,kingler,600,13,water,https://raw.githubusercontent.com/PokeAPI/sprites/master/sprites/pokemon/99.png
100,voltorb,104,5,electric,https://raw.githubusercontent.com/PokeAPI/sprites/master/sprites/pokemon/100.png
101,electrode,666,12,electric,https://raw.githubusercontent.com/PokeAPI/sprites/master/sprites/pokemon/101.png
102,exeggcute,25,4,grass,https://raw.githubusercontent.com/PokeAPI/sprites/master/sprites/pokemon/102.png
103,exeggutor,1200,20,grass,https://raw.githubusercontent.com/PokeAPI/sprites/master/sprites/pokemon/103.png
104,cubone,65,4,ground,https://raw.githubusercontent.com/PokeAPI/sprites/master/sprites/pokemon/104.png
105,marowak,450,10,ground,https://raw.githubusercontent.com/PokeAPI/sprites/master/sprites/pokemon/105.png
106,hitmonlee,498,15,fighting,https://raw.githubusercontent.com/PokeAPI/sprites/master/sprites/pokemon/106.png
107,hitmonchan,502,14,fighting,https://raw.githubusercontent.com/PokeAPI/sprites/master/sprites/pokemon/107.png
108,lickitung,655,12,normal,https://raw.githubusercontent.com/PokeAPI/sprites/master/sprites/pokemon/108.png
109,koffing,10,6,poison,https://raw.githubusercontent.com/PokeAPI/sprites/master/sprites/pokemon/109.png
110,weezing,95,12,poison,https://raw.githubusercontent.com/PokeAPI/sprites/master/sprites/pokemon/110.png
111,rhyhorn,1150,10,ground,https://raw.githubusercontent.com/PokeAPI/sprites/master/sprites/pokemon/111.png
112,rhydon,1200,19,ground,https://raw.githubusercontent.com/PokeAPI/sprites/master/sprites/pokemon/112.png
113,chansey,346,11,normal,https://raw.githubusercontent.com/PokeAPI/sprites/master/sprites/pokemon/113.png
114,tangela,350,10,grass,https://raw.githubusercontent.com/PokeAPI/sprites/master/sprites/pokemon/114.png
115,kangaskhan,800,22,normal,https://raw.githubusercontent.com/PokeAPI/sprites/master/sprites/pokemon/115.png
116,horsea,80,4,water,https://raw.githubusercontent.com/PokeAPI/sprites/master/sprites/pokemon/116.png
117,seadra,250,12,water,https://raw.githubusercontent.com/PokeAPI/sprites/master/sprites/pokemon/117.png
118,goldeen,150,6,water,https://raw.githubusercontent.com/PokeAPI/sprites/master/sprites/pokemon/118.png
119,seaking,390,13,water,https://raw.githubusercontent.com/PokeAPI/sprites/master/sprites/pokemon/119.png
120,staryu,345,8,water,https://raw.githubusercontent.com/PokeAPI/sprites/master/sprites/pokemon/120.png
121,starmie,800,11,water,https://raw.githubusercontent.com/PokeAPI/sprites/master/sprites/pokemon/121.png
122,mr_mime,545,13,psychic,https://raw.githubusercontent.com/PokeAPI/sprites/master/sprites/pokemon/122.png
123,scyther,560,15,bug,https://raw.githubusercontent.com/PokeAPI/sprites/master/sprites/pokemon/123.png
124,jynx,406,14,ice,https://raw.githubusercontent.com/PokeAPI/sprites/master/sprites/pokemon/124.png
125,electabuzz,300,11,electric,https://raw.githubusercontent.com/PokeAPI/sprites/master/sprites/pokemon/125.png
126,magmar,445,13,fire,https://raw.githubusercontent.com/PokeAPI/sprites/master/sprites/pokemon/126.png
127,pinsir,550,15,bug,https://raw.githubusercontent.com/PokeAPI/sprites/master/sprites/pokemon/127.png
128,tauros,884,14,normal,https://raw.githubusercontent.com/PokeAPI/sprites/master/sprites/pokemon/128.png
129,magikarp,100,9,water,https://raw.githubusercontent.com/PokeAPI/sprites/master/sprites/pokemon/129.png
130,gyarados,2350,65,water,https://raw.githubusercontent.com/PokeAPI/sprites/master/sprites/pokemon/130.png
131,lapras,2200,25,water,https://raw.githubusercontent.com/PokeAPI/sprites/master/sprites/pokemon/131.png
132,ditto,40,3,normal,https://raw.githubusercontent.com/PokeAPI/sprites/master/sprites/pokemon/132.png
133,eevee,65,3,normal,https://raw.githubusercontent.com/PokeAPI/sprites/master/sprites/pokemon/133.png
134,vaporeon,290,10,water,https://raw.githubusercontent.com/PokeAPI/sprites/master/sprites/pokemon/134.png
135,jolteon,245,8,electric,https://raw.githubusercontent.com/PokeAPI/sprites/master/sprites/pokemon/135.png
136,flareon,250,9,fire,https://raw.githubusercontent.com/PokeAPI/sprites/master/sprites/pokemon/136.png
137,porygon,365,8,normal,https://raw.githubusercontent.com/PokeAPI/sprites/master/sprites/pokemon/137.png
138,omanyte,75,4,rock,https://raw.githubusercontent.com/PokeAPI/sprites/master/sprites/pokemon/138.png
139,omastar,350,10,rock,https://raw.githubusercontent.com/PokeAPI/sprites/master/sprites/pokemon/139.png
140,kabuto,115,5,rock,https://raw.githubusercontent.com/PokeAPI/sprites/master/sprites/pokemon/140.png
141,kabutops,405,13,rock,https://raw.githubusercontent.com/PokeAPI/sprites/master/sprites/pokemon/141.png
142,aerodactyl,590,18,rock,https://raw.githubusercontent.com/PokeAPI/sprites/master/sprites/pokemon/142.png
143,snorlax,4600,21,normal,https://raw.githubusercontent.com/PokeAPI/sprites/master/sprites/pokemon/143.png
144,articuno,554,17,ice,https://raw.githubusercontent.com/PokeAPI/sprites/master/sprites/pokemon/144.png
145,zapdos,526,16,electric,https://raw.githubusercontent.com/PokeAPI/sprites/master/sprites/pokemon/145.png
146,moltres,600,20,fire,https://raw.githubusercontent.com/PokeAPI/sprites/master/sprites/pokemon/146.png
147,dratini,33,18,dragon,https://raw.githubusercontent.com/PokeAPI/sprites/master/sprites/pokemon/147.png
148,dragonair,165,40,dragon,https://raw.githubusercontent.com/PokeAPI/sprites/master/sprites/pokemon/148.png
149,dragonite,2100,22,dragon,https://raw.githubusercontent.com/PokeAPI/sprites/master/sprites/pokemon/149.png
150,mewtwo,1220,20,psychic,https://raw.githubusercontent.com/PokeAPI/sprites/master/sprites/pokemon/150.png
151,mew,40,4,psychic,https://raw.githubusercontent.com/PokeAPI/sprites/master/sprites/pokemon/151.png
152,chikorita,64,9,grass,https://raw.githubusercontent.com/PokeAPI/sprites/master/sprites/pokemon/152.png
153,bayleef,158,12,grass,https://raw.githubusercontent.com/PokeAPI/sprites/master/sprites/pokemon/153.png
154,meganium,1005,18,grass,https://raw.githubusercontent.com/PokeAPI/sprites/master/sprites/pokemon/154.png
155,cyndaquil,79,5,fire,https://raw.githubusercontent.com/PokeAPI/sprites/master/sprites/pokemon/155.png
156,quilava,190,9,fire,https://raw.githubusercontent.com/PokeAPI/sprites/master/sprites/pokemon/156.png
157,typhlosion,795,17,fire,https://raw.githubusercontent.com/PokeAPI/sprites/master/sprites/pokemon/157.png
158,totodile,95,6,water,https://raw.githubusercontent.com/PokeAPI/sprites/master/sprites/pokemon/158.png
159,croconaw,250,11,water,https://raw.githubusercontent.com/PokeAPI/sprites/master/sprites/pokemon/159.png
160,feraligatr,888,23,water,https://raw.githubusercontent.com/PokeAPI/sprites/master/sprites/pokemon/160.png
161,sentret,60,8,normal,https://raw.githubusercontent.com/PokeAPI/sprites/master/sprites/pokemon/161.png
162,furret,325,18,normal,https://raw.githubusercontent.com/PokeAPI/sprites/master/sprites/pokemon/162.png
163,hoothoot,212,7,normal,https://raw.githubusercontent.com/PokeAPI/sprites/master/sprites/pokemon/163.png
164,noctowl,408,16,normal,https://raw.githubusercontent.com/PokeAPI/sprites/master/sprites/pokemon/164.png
165,ledyba,108,10,bug,https://raw.githubusercontent.com/PokeAPI/sprites/master/sprites/pokemon/165.png
166,ledian,356,14,bug,https://raw.githubusercontent.com/PokeAPI/sprites/master/sprites/pokemon/166.png
167,spinarak,85,5,bug,https://raw.githubusercontent.com/PokeAPI/sprites/master/sprites/pokemon/167.png
168,ariados,335,11,bug,https://raw.githubusercontent.com/PokeAPI/sprites/master/sprites/pokemon/168.png
169,crobat,750,18,poison,https://raw.githubusercontent.com/PokeAPI/sprites/master/sprites/pokemon/169.png
170,chinchou,120,5,water,https://raw.githubusercontent.com/PokeAPI/sprites/master/sprites/pokemon/170.png
171,lanturn,225,12,water,https://raw.githubusercontent.com/PokeAPI/sprites/master/sprites/pokemon/171.png
172,pichu,20,3,electric,https://raw.githubusercontent.com/PokeAPI/sprites/master/sprites/pokemon/172.png
173,cleffa,30,3,fairy,https://raw.githubusercontent.com/PokeAPI/sprites/master/sprites/pokemon/173.png
174,igglybuff,10,3,normal,https://raw.githubusercontent.com/PokeAPI/sprites/master/sprites/pokemon/174.png
175,togepi,15,3,fairy,https://raw.githubusercontent.com/PokeAPI/sprites/master/sprites/pokemon/175.png
176,togetic,32,6,fairy,https://raw.githubusercontent.com/PokeAPI/sprites/master/sprites/pokemon/176.png
177,natu,20,2,psychic,https://raw.githubusercontent.com/PokeAPI/sprites/master/sprites/pokemon/177.png
178,xatu,150,15,psychic,https://raw.githubusercontent.com/PokeAPI/sprites/master/sprites/pokemon/178.png
179,mareep,78,6,electric,https://raw.githubusercontent.com/PokeAPI/sprites/master/sprites/pokemon/179.png
180,flaaffy,133,8,electric,https://raw.githubusercontent.com/PokeAPI/sprites/master/sprites/pokemon/180.png
181,ampharos,615,14,electric,https://raw.githubusercontent.com/PokeAPI/sprites/master/sprites/pokemon/181.png
182,bellossom,58,4,grass,https://raw.githubusercontent.com/PokeAPI/sprites/master/sprites/pokemon/182.png
183,marill,85,4,water,https://raw.githubusercontent.com/PokeAPI/sprites/master/sprites/pokemon/183.png
184,azumarill,285,8,water,https://raw.githubusercontent.com/PokeAPI/sprites/master/sprites/pokemon/184.png
185,sudowoodo,380,12,rock,https://raw.githubusercontent.com/PokeAPI/sprites/master/sprites/pokemon/185.png
186,politoed,339,11,water,https://raw.githubusercontent.com/PokeAPI/sprites/master/sprites/pokemon/186.png
187,hoppip,5,4,grass,https://raw.githubusercontent.com/PokeAPI/sprites/master/sprites/pokemon/187.png
188,skiploom,10,6,grass,https://raw.githubusercontent.com/PokeAPI/sprites/master/sprites/pokemon/188.png
189,jumpluff,30,8,grass,https://raw.githubusercontent.com/PokeAPI/sprites/master/sprites/pokemon/189.png
190,aipom,115,8,normal,https://raw.githubusercontent.com/PokeAPI/sprites/master/sprites/pokemon/190.png
191,sunkern,18,3,grass,https://raw.githubusercontent.com/PokeAPI/sprites/master/sprites/pokemon/191.png
192,sunflora,85,8,grass,https://raw.githubusercontent.com/PokeAPI/sprites/master/sprites/pokemon/192.png
193,yanma,380,12,bug,https://raw.githubusercontent.com/PokeAPI/sprites/master/sprites/pokemon/193.png
194,wooper,85,4,water,https://raw.githubusercontent.com/PokeAPI/sprites/master/sprites/pokemon/194.png
195,quagsire,750,14,water,https://raw.githubusercontent.com/PokeAPI/sprites/master/sprites/pokemon/195.png
196,espeon,265,9,psychic,https://raw.githubusercontent.com/PokeAPI/sprites/master/sprites/pokemon/196.png
197,umbreon,270,10,dark,https://raw.githubusercontent.com/PokeAPI/sprites/master/sprites/pokemon/197.png
198,murkrow,21,5,dark,https://raw.githubusercontent.com/PokeAPI/sprites/master/sprites/pokemon/198.png
199,slowking,795,20,water,https://raw.githubusercontent.com/PokeAPI/sprites/master/sprites/pokemon/199.png
200,misdreavus,10,7,ghost,https://raw.githubusercontent.com/PokeAPI/sprites/master/sprites/pokemon/200.png
201,unown,50,5,psychic,https://raw.githubusercontent.com/PokeAPI/sprites/master/sprites/pokemon/201.png
202,wobbuffet,285,13,psychic,https://raw.githubusercontent.com/PokeAPI/sprites/master/sprites/pokemon/202.png
203,girafarig,415,15,normal,https://raw.githubusercontent.com/PokeAPI/sprites/master/sprites/pokemon/203.png
204,pineco,72,6,bug,https://raw.githubusercontent.com/PokeAPI/sprites/master/sprites/pokemon/204.png
205,forretress,1258,12,bug,https://raw.githubusercontent.com/PokeAPI/sprites/master/sprites/pokemon/205.png
206,dunsparce,140,15,normal,https://raw.githubusercontent.com/PokeAPI/sprites/master/sprites/pokemon/206.png
207,gligar,648,11,ground,https://raw.githubusercontent.com/PokeAPI/sprites/master/sprites/pokemon/207.png
208,steelix,4000,92,steel,https://raw.githubusercontent.com/PokeAPI/sprites/master/sprites/pokemon/208.png
209,snubbull,78,6,fairy,https://raw.githubusercontent.com/PokeAPI/sprites/master/sprites/pokemon/209.png
210,granbull,487,14,fairy,https://raw.githubusercontent.com/PokeAPI/sprites/master/sprites/pokemon/210.png
211,qwilfish,39,5,water,https://raw.githubusercontent.com/PokeAPI/sprites/master/sprites/pokemon/211.png
212,scizor,1180,18,bug,https://raw.githubusercontent.com/PokeAPI/sprites/master/sprites/pokemon/212.png
213,shuckle,205,6,bug,https://raw.githubusercontent.com/PokeAPI/sprites/master/sprites/pokemon/213.png
214,heracross,540,15,bug,https://raw.githubusercontent.com/PokeAPI/sprites/master/sprites/pokemon/214.png
215,sneasel,280,9,dark,https://raw.githubusercontent.com/PokeAPI/sprites/master/sprites/pokemon/215.png
216,teddiursa,88,6,normal,https://raw.githubusercontent.com/PokeAPI/sprites/master/sprites/pokemon/216.png
217,ursaring,1258,18,normal,https://raw.githubusercontent.com/PokeAPI/sprites/master/sprites/pokemon/217.png
218,slugma,350,7,fire,https://raw.githubusercontent.com/PokeAPI/sprites/master/sprites/pokemon/218.png
219,magcargo,550,8,fire,https://raw.githubusercontent.com/PokeAPI/sprites/master/sprites/pokemon/219.png
220,swinub,65,4,ice,https://raw.githubusercontent.com/PokeAPI/sprites/master/sprites/pokemon/220.png
221,piloswine,558,11,ice,https://raw.githubusercontent.com/PokeAPI/sprites/master/sprites/pokemon/221.png
222,corsola,50,6,water,https://raw.githubusercontent.com/PokeAPI/sprites/master/sprites/pokemon/222.png
223,remoraid,120,6,water,https://raw.githubusercontent.com/PokeAPI/sprites/master/sprites/pokemon/223.png
224,octillery,285,9,water,https://raw.githubusercontent.com/PokeAPI/sprites/master/sprites/pokemon/224.png
225,delibird,160,9,ice,https://raw.githubusercontent.com/PokeAPI/sprites/master/sprites/pokemon/225.png
226,mantine,2200,21,water,https://raw.githubusercontent.com/PokeAPI/sprites/master/sprites/pokemon/226.png
227,skarmory,505,17,steel,https://raw.githubusercontent.com/PokeAPI/sprites/master/sprites/pokemon/227.png
228,houndour,108,6,dark,https://raw.githubusercontent.com/PokeAPI/sprites/master/sprites/pokemon/228.png
229,houndoom,350,14,dark,https://raw.githubusercontent.com/PokeAPI/sprites/master/sprites/pokemon/229.png
230,kingdra,1520,18,water,https://raw.githubusercontent.com/PokeAPI/sprites/master/sprites/pokemon/230.png
231,phanpy,335,5,ground,https://raw.githubusercontent.com/PokeAPI/sprites/master/sprites/pokemon/231.png
232,donphan,1200,11,ground,https://raw.githubusercontent.com/PokeAPI/sprites/master/sprites/pokemon/232.png
233,porygon2,325,6,normal,https://raw.githubusercontent.com/PokeAPI/sprites/master/sprites/pokemon/233.png
234,stantler,712,14,normal,https://raw.githubusercontent.com/PokeAPI/sprites/master/sprites/pokemon/234.png
235,smeargle,580,12,normal,https://raw.githubusercontent.com/PokeAPI/sprites/master/sprites/pokemon/235.png
236,tyrogue,210,7,fighting,https://raw.githubusercontent.com/PokeAPI/sprites/master/sprites/pokemon/236.png
237,hitmontop,480,14,fighting,https://raw.githubusercontent.com/PokeAPI/sprites/master/sprites/pokemon/237.png
238,smoochum,60,4,ice,https://raw.githubusercontent.com/PokeAPI/sprites/master/sprites/pokemon/238.png
239,elekid,235,6,electric,https://raw.githubusercontent.com/PokeAPI/sprites/master/sprites/pokemon/239.png
240,magby,214,7,fire,https://raw.githubusercontent.com/PokeAPI/sprites/master/sprites/pokemon/240.png
241,miltank,755,12,normal,https://raw.githubusercontent.com/PokeAPI/sprites/master/sprites/pokemon/241.png
242,blissey,468,15,normal,https://raw.githubusercontent.com/PokeAPI/sprites/master/sprites/pokemon/242.png
243,raikou,1780,19,electric,https://raw.githubusercontent.com/PokeAPI/sprites/master/sprites/pokemon/243.png
244,entei,1980,21,fire,https://raw.githubusercontent.com/PokeAPI/sprites/master/sprites/pokemon/244.png
245,suicune,1870,20,water,https://raw.githubusercontent.com/PokeAPI/sprites/master/sprites/pokemon/245.png
246,larvitar,720,6,rock,https://raw.githubusercontent.com/PokeAPI/sprites/master/sprites/pokemon/246.png
247,pupitar,1520,12,rock,https://raw.githubusercontent.com/PokeAPI/sprites/master/sprites/pokemon/247.png
248,tyranitar,2020,20,rock,https://raw.githubusercontent.com/PokeAPI/sprites/master/sprites/pokemon/248.png
249,lugia,2160,52,psychic,https://raw.githubusercontent.com/PokeAPI/sprites/master/sprites/pokemon/249.png
250,ho_oh,1990,38,fire,https://raw.githubusercontent.com/PokeAPI/sprites/master/sprites/pokemon/250.png
251,celebi,50,6,psychic,https://raw.githubusercontent.com/PokeAPI/sprites/master/sprites/pokemon/251.png
252,treecko,50,5,grass,https://raw.githubusercontent.com/PokeAPI/sprites/master/sprites/pokemon/252.png
253,grovyle,216,9,grass,https://raw.githubusercontent.com/PokeAPI/sprites/master/sprites/pokemon/253.png
254,sceptile,522,17,grass,https://raw.githubusercontent.com/PokeAPI/sprites/master/sprites/pokemon/254.png
255,torchic,25,4,fire,https://raw.githubusercontent.com/PokeAPI/sprites/master/sprites/pokemon/255.png
256,combusken,195,9,fire,https://raw.githubusercontent.com/PokeAPI/sprites/master/sprites/pokemon/256.png
257,blaziken,520,19,fire,https://raw.githubusercontent.com/PokeAPI/sprites/master/sprites/pokemon/257.png
258,mudkip,76,4,water,https://raw.githubusercontent.com/PokeAPI/sprites/master/sprites/pokemon/258.png
259,marshtomp,280,7,water,https://raw.githubusercontent.com/PokeAPI/sprites/master/sprites/pokemon/259.png
260,swampert,819,15,water,https://raw.githubusercontent.com/PokeAPI/sprites/master/sprites/pokemon/260.png
261,poochyena,136,5,dark,https://raw.githubusercontent.com/PokeAPI/sprites/master/sprites/pokemon/261.png
262,mightyena,370,10,dark,https://raw.githubusercontent.com/PokeAPI/sprites/master/sprites/pokemon/262.png
263,zigzagoon,175,4,normal,https://raw.githubusercontent.com/PokeAPI/sprites/master/sprites/pokemon/263.png
264,linoone,325,5,normal,https://raw.githubusercontent.com/PokeAPI/sprites/master/sprites/pokemon/264.png
265,wurmple,36,3,bug,https://raw.githubusercontent.com/PokeAPI/sprites/master/sprites/pokemon/265.png
266,silcoon,100,6,bug,https://raw.githubusercontent.com/PokeAPI/sprites/master/sprites/pokemon/266.png
267,beautifly,284,10,bug,https://raw.githubusercontent.com/PokeAPI/sprites/master/sprites/pokemon/267.png
268,cascoon,115,7,bug,https://raw.githubusercontent.com/PokeAPI/sprites/master/sprites/pokemon/268.png
269,dustox,316,12,bug,https://raw.githubusercontent.com/PokeAPI/sprites/master/sprites/pokemon/269.png
270,lotad,26,5,water,https://raw.githubusercontent.com/PokeAPI/sprites/master/sprites/pokemon/270.png
271,lombre,325,12,water,https://raw.githubusercontent.com/PokeAPI/sprites/master/sprites/pokemon/271.png
272,ludicolo,550,15,water,https://raw.githubusercontent.com/PokeAPI/sprites/master/sprites/pokemon/272.png
273,seedot,40,5,grass,https://raw.githubusercontent.com/PokeAPI/sprites/master/sprites/pokemon/273.png
274,nuzleaf,280,10,grass,https://raw.githubusercontent.com/PokeAPI/sprites/master/sprites/pokemon/274.png
275,shiftry,596,13,grass,https://raw.githubusercontent.com/PokeAPI/sprites/master/sprites/pokemon/275.png
276,taillow,23,3,normal,https://raw.githubusercontent.com/PokeAPI/sprites/master/sprites/pokemon/276.png
277,swellow,198,7,normal,https://raw.githubusercontent.com/PokeAPI/sprites/master/sprites/pokemon/277.png
278,wingull,95,6,water,https://raw.githubusercontent.com/PokeAPI/sprites/master/sprites/pokemon/278.png
279,pelipper,280,12,water,https://raw.githubusercontent.com/PokeAPI/sprites/master/sprites/pokemon/279.png
280,ralts,66,4,psychic,https://raw.githubusercontent.com/PokeAPI/sprites/master/sprites/pokemon/280.png
281,kirlia,202,8,psychic,https://raw.githubusercontent.com/PokeAPI/sprites/master/sprites/pokemon/281.png
282,gardevoir,484,16,psychic,https://raw.githubusercontent.com/PokeAPI/sprites/master/sprites/pokemon/282.png
283,surskit,17,5,bug,https://raw.githubusercontent.com/PokeAPI/sprites/master/sprites/pokemon/283.png
284,masquerain,36,8,bug,https://raw.githubusercontent.com/PokeAPI/sprites/master/sprites/pokemon/284.png
285,shroomish,45,4,grass,https://raw.githubusercontent.com/PokeAPI/sprites/master/sprites/pokemon/285.png
286,breloom,392,12,grass,https://raw.githubusercontent.com/PokeAPI/sprites/master/sprites/pokemon/286.png
287,slakoth,240,8,normal,https://raw.githubusercontent.com/PokeAPI/sprites/master/sprites/pokemon/287.png
288,vigoroth,465,14,normal,https://raw.githubusercontent.com/PokeAPI/sprites/master/sprites/pokemon/288.png
289,slaking,1305,20,normal,https://raw.githubusercontent.com/PokeAPI/sprites/master/sprites/pokemon/289.png
290,nincada,55,5,bug,https://raw.githubusercontent.com/PokeAPI/sprites/master/sprites/pokemon/290.png
291,ninjask,120,8,bug,https://raw.githubusercontent.com/PokeAPI/sprites/master/sprites/pokemon/291.png
292,shedinja,12,8,bug,https://raw.githubusercontent.com/PokeAPI/sprites/master/sprites/pokemon/292.png
293,whismur,163,6,normal,https://raw.githubusercontent.com/PokeAPI/sprites/master/sprites/pokemon/293.png
294,loudred,405,10,normal,https://raw.githubusercontent.com/PokeAPI/sprites/master/sprites/pokemon/294.png
295,exploud,840,15,normal,https://raw.githubusercontent.com/PokeAPI/sprites/master/sprites/pokemon/295.png
296,makuhita,864,10,fighting,https://raw.githubusercontent.com/PokeAPI/sprites/master/sprites/pokemon/296.png
297,hariyama,2538,23,fighting,https://raw.githubusercontent.com/PokeAPI/sprites/master/sprites/pokemon/297.png
298,azurill,20,2,normal,https://raw.githubusercontent.com/PokeAPI/sprites/master/sprites/pokemon/298.png
299,nosepass,970,10,rock,https://raw.githubusercontent.com/PokeAPI/sprites/master/sprites/pokemon/299.png
300,skitty,110,6,normal,https://raw.githubusercontent.com/PokeAPI/sprites/master/sprites/pokemon/300.png
301,delcatty,326,11,normal,https://raw.githubusercontent.com/PokeAPI/sprites/master/sprites/pokemon/301.png
302,sableye,110,5,dark,https://raw.githubusercontent.com/PokeAPI/sprites/master/sprites/pokemon/302.png
303,mawile,115,6,steel,https://raw.githubusercontent.com/PokeAPI/sprites/master/sprites/pokemon/303.png
304,aron,600,4,steel,https://raw.githubusercontent.com/PokeAPI/sprites/master/sprites/pokemon/304.png
305,lairon,1200,9,steel,https://raw.githubusercontent.com/PokeAPI/sprites/master/sprites/pokemon/305.png
306,aggron,3600,21,steel,https://raw.githubusercontent.com/PokeAPI/sprites/master/sprites/pokemon/306.png
307,meditite,112,6,fighting,https://raw.githubusercontent.com/PokeAPI/sprites/master/sprites/pokemon/307.png
308,medicham,315,13,fighting,https://raw.githubusercontent.com/PokeAPI/sprites/master/sprites/pokemon/308.png
309,electrike,152,6,electric,https://raw.githubusercontent.com/PokeAPI/sprites/master/sprites/pokemon/309.png
310,manectric,402,15,electric,https://raw.githubusercontent.com/PokeAPI/sprites/master/sprites/pokemon/310.png
311,plusle,42,4,electric,https://raw.githubusercontent.com/PokeAPI/sprites/master/sprites/pokemon/311.png
312,minun,42,4,electric,https://raw.githubusercontent.com/PokeAPI/sprites/master/sprites/pokemon/312.png
313,volbeat,177,7,bug,https://raw.githubusercontent.com/PokeAPI/sprites/master/sprites/pokemon/313.png
314,illumise,177,6,bug,https://raw.githubusercontent.com/PokeAPI/sprites/master/sprites/pokemon/314.png
315,roselia,20,3,grass,https://raw.githubusercontent.com/PokeAPI/sprites/master/sprites/pokemon/315.png
316,gulpin,103,4,poison,https://raw.githubusercontent.com/PokeAPI/sprites/master/sprites/pokemon/316.png
317,swalot,800,17,poison,https://raw.githubusercontent.com/PokeAPI/sprites/master/sprites/pokemon/317.png
318,carvanha,208,8,water,https://raw.githubusercontent.com/PokeAPI/sprites/master/sprites/pokemon/318.png
319,sharpedo,888,18,water,https://raw.githubusercontent.com/PokeAPI/sprites/master/sprites/pokemon/319.png
320,wailmer,1300,20,water,https://raw.githubusercontent.com/PokeAPI/sprites/master/sprites/pokemon/320.png
321,wailord,3980,145,water,https://raw.githubusercontent.com/PokeAPI/sprites/master/sprites/pokemon/321.png
322,numel,240,7,fire,https://raw.githubusercontent.com/PokeAPI/sprites/master/sprites/pokemon/322.png
323,camerupt,2200,19,fire,https://raw.githubusercontent.com/PokeAPI/sprites/master/sprites/pokemon/323.png
324,torkoal,804,5,fire,https://raw.githubusercontent.com/PokeAPI/sprites/master/sprites/pokemon/324.png
325,spoink,306,7,psychic,https://raw.githubusercontent.com/PokeAPI/sprites/master/sprites/pokemon/325.png
326,grumpig,715,9,psychic,https://raw.githubusercontent.com/PokeAPI/sprites/master/sprites/pokemon/326.png
327,spinda,50,11,normal,https://raw.githubusercontent.com/PokeAPI/sprites/master/sprites/pokemon/327.png
328,trapinch,150,7,ground,https://raw.githubusercontent.com/PokeAPI/sprites/master/sprites/pokemon/328.png
329,vibrava,153,11,ground,https://raw.githubusercontent.com/PokeAPI/sprites/master/sprites/pokemon/329.png
330,flygon,820,20,ground,https://raw.githubusercontent.com/PokeAPI/sprites/master/sprites/pokemon/330.png
331,cacnea,513,4,grass,https://raw.githubusercontent.com/PokeAPI/sprites/master/sprites/pokemon/331.png
332,cacturne,774,13,grass,https://raw.githubusercontent.com/PokeAPI/sprites/master/sprites/pokemon/332.png
333,swablu,12,4,normal,https://raw.githubusercontent.com/PokeAPI/sprites/master/sprites/pokemon/333.png
334,altaria,206,11,dragon,https://raw.githubusercontent.com/PokeAPI/sprites/master/sprites/pokemon/334.png
335,zangoose,403,13,normal,https://raw.githubusercontent.com/PokeAPI/sprites/master/sprites/pokemon/335.png
336,seviper,525,27,poison,https://raw.githubusercontent.com/PokeAPI/sprites/master/sprites/pokemon/336.png
337,lunatone,1680,10,rock,https://raw.githubusercontent.com/PokeAPI/sprites/master/sprites/pokemon/337.png
338,solrock,1540,12,rock,https://raw.githubusercontent.com/PokeAPI/sprites/master/sprites/pokemon/338.png
339,barboach,19,4,water,https://raw.githubusercontent.com/PokeAPI/sprites/master/sprites/pokemon/339.png
340,whiscash,236,9,water,https://raw.githubusercontent.com/PokeAPI/sprites/master/sprites/pokemon/340.png
341,corphish,115,6,water,https://raw.githubusercontent.com/PokeAPI/sprites/master/sprites/pokemon/341.png
342,crawdaunt,328,11,water,https://raw.githubusercontent.com/PokeAPI/sprites/master/sprites/pokemon/342.png
343,baltoy,215,5,ground,https://raw.githubusercontent.com/PokeAPI/sprites/master/sprites/pokemon/343.png
344,claydol,1080,15,ground,https://raw.githubusercontent.com/PokeAPI/sprites/master/sprites/pokemon/344.png
345,lileep,238,10,rock,https://raw.githubusercontent.com/PokeAPI/sprites/master/sprites/pokemon/345.png
346,cradily,604,15,rock,https://raw.githubusercontent.com/PokeAPI/sprites/master/sprites/pokemon/346.png
347,anorith,125,7,rock,https://raw.githubusercontent.com/PokeAPI/sprites/master/sprites/pokemon/347.png
348,armaldo,682,15,rock,https://raw.githubusercontent.com/PokeAPI/sprites/master/sprites/pokemon/348.png
349,feebas,74,6,water,https://raw.githubusercontent.com/PokeAPI/sprites/master/sprites/pokemon/349.png
350,milotic,1620,62,water,https://raw.githubusercontent.com/PokeAPI/sprites/master/sprites/pokemon/350.png
351,castform,8,3,normal,https://raw.githubusercontent.com/PokeAPI/sprites/master/sprites/pokemon/351.png
352,kecleon,220,10,normal,https://raw.githubusercontent.com/PokeAPI/sprites/master/sprites/pokemon/352.png
353,shuppet,23,6,ghost,https://raw.githubusercontent.com/PokeAPI/sprites/master/sprites/pokemon/353.png
354,banette,125,11,ghost,https://raw.githubusercontent.com/PokeAPI/sprites/master/sprites/pokemon/354.png
355,duskull,150,8,ghost,https://raw.githubusercontent.com/PokeAPI/sprites/master/sprites/pokemon/355.png
356,dusclops,306,16,ghost,https://raw.githubusercontent.com/PokeAPI/sprites/master/sprites/pokemon/356.png
357,tropius,1000,20,grass,https://raw.githubusercontent.com/PokeAPI/sprites/master/sprites/pokemon/357.png
358,chimecho,10,6,psychic,https://raw.githubusercontent.com/PokeAPI/sprites/master/sprites/pokemon/358.png
359,absol,470,12,dark,https://raw.githubusercontent.com/PokeAPI/sprites/master/sprites/pokemon/359.png
360,wynaut,140,6,psychic,https://raw.githubusercontent.com/PokeAPI/sprites/master/sprites/pokemon/360.png
361,snorunt,168,7,ice,https://raw.githubusercontent.com/PokeAPI/sprites/master/sprites/pokemon/361.png
362,glalie,2565,15,ice,https://raw.githubusercontent.com/PokeAPI/sprites/master/sprites/pokemon/362.png
363,spheal,395,8,ice,https://raw.githubusercontent.com/PokeAPI/sprites/master/sprites/pokemon/363.png
364,sealeo,876,11,ice,https://raw.githubusercontent.com/PokeAPI/sprites/master/sprites/pokemon/364.png
365,walrein,1506,14,ice,https://raw.githubusercontent.com/PokeAPI/sprites/master/sprites/pokemon/365.png
366,clamperl,525,4,water,https://raw.githubusercontent.com/PokeAPI/sprites/master/sprites/pokemon/366.png
367,huntail,270,17,water,https://raw.githubusercontent.com/PokeAPI/sprites/master/sprites/pokemon/367.png
368,gorebyss,226,18,water,https://raw.githubusercontent.com/PokeAPI/sprites/master/sprites/pokemon/368.png
369,relicanth,234,10,water,https://raw.githubusercontent.com/PokeAPI/sprites/master/sprites/pokemon/369.png
370,luvdisc,87,6,water,https://raw.githubusercontent.com/PokeAPI/sprites/master/sprites/pokemon/370.png
371,bagon,421,6,dragon,https://raw.githubusercontent.com/PokeAPI/sprites/master/sprites/pokemon/371.png
372,shelgon,1105,11,dragon,https://raw.githubusercontent.com/PokeAPI/sprites/master/sprites/pokemon/372.png
373,salamence,1026,15,dragon,https://raw.githubusercontent.com/PokeAPI/sprites/master/sprites/pokemon/373.png
374,beldum,952,6,steel,https://raw.githubusercontent.com/PokeAPI/sprites/master/sprites/pokemon/374.png
375,metang,2025,12,steel,https://raw.githubusercontent.com/PokeAPI/sprites/master/sprites/pokemon/375.png
376,metagross,5500,16,steel,https://raw.githubusercontent.com/PokeAPI/sprites/master/sprites/pokemon/376.png
377,regirock,2300,17,rock,https://raw.githubusercontent.com/PokeAPI/sprites/master/sprites/pokemon/377.png
378,regice,1750,18,ice,https://raw.githubusercontent.com/PokeAPI/sprites/master/sprites/pokemon/378.png
379,registeel,2050,19,steel,https://raw.githubusercontent.com/PokeAPI/sprites/master/sprites/pokemon/379.png
380,latias,400,14,dragon,https://raw.githubusercontent.com/PokeAPI/sprites/master/sprites/pokemon/380.png
381,latios,600,20,dragon,https://raw.githubusercontent.com/PokeAPI/sprites/master/sprites/pokemon/381.png
382,kyogre,3520,45,water,https://raw.githubusercontent.com/PokeAPI/sprites/master/sprites/pokemon/382.png
383,groudon,9500,35,ground,https://raw.githubusercontent.com/PokeAPI/sprites/master/sprites/pokemon/383.png
384,rayquaza,2065,70,dragon,https://raw.githubusercontent.com/PokeAPI/sprites/master/sprites/pokemon/384.png
385,jirachi,11,3,steel,https://raw.githubusercontent.com/PokeAPI/sprites/master/sprites/pokemon/385.png
386,deoxys_normal,608,17,psychic,https://raw.githubusercontent.com/PokeAPI/sprites/master/sprites/pokemon/386.png
387,turtwig,102,4,grass,https://raw.githubusercontent.com/PokeAPI/sprites/master/sprites/pokemon/387.png
388,grotle,970,11,grass,https://raw.githubusercontent.com/PokeAPI/sprites/master/sprites/pokemon/388.png
389,torterra,3100,22,grass,https://raw.githubusercontent.com/PokeAPI/sprites/master/sprites/pokemon/389.png
390,chimchar,62,5,fire,https://raw.githubusercontent.com/PokeAPI/sprites/master/sprites/pokemon/390.png
391,monferno,220,9,fire,https://raw.githubusercontent.com/PokeAPI/sprites/master/sprites/pokemon/391.png
392,infernape,550,12,fire,https://raw.githubusercontent.com/PokeAPI/sprites/master/sprites/pokemon/392.png
393,piplup,52,4,water,https://raw.githubusercontent.com/PokeAPI/sprites/master/sprites/pokemon/393.png
394,prinplup,230,8,water,https://raw.githubusercontent.com/PokeAPI/sprites/master/sprites/pokemon/394.png
395,empoleon,845,17,water,https://raw.githubusercontent.com/PokeAPI/sprites/master/sprites/pokemon/395.png
396,starly,20,3,normal,https://raw.githubusercontent.com/PokeAPI/sprites/master/sprites/pokemon/396.png
397,staravia,155,6,normal,https://raw.githubusercontent.com/PokeAPI/sprites/master/sprites/pokemon/397.png
398,staraptor,249,12,normal,https://raw.githubusercontent.com/PokeAPI/sprites/master/sprites/pokemon/398.png
399,bidoof,200,5,normal,https://raw.githubusercontent.com/PokeAPI/sprites/master/sprites/pokemon/399.png
400,bibarel,315,10,normal,https://raw.githubusercontent.com/PokeAPI/sprites/master/sprites/pokemon/400.png
401,kricketot,22,3,bug,https://raw.githubusercontent.com/PokeAPI/sprites/master/sprites/pokemon/401.png
402,kricketune,255,10,bug,https://raw.githubusercontent.com/PokeAPI/sprites/master/sprites/pokemon/402.png
403,shinx,95,5,electric,https://raw.githubusercontent.com/PokeAPI/sprites/master/sprites/pokemon/403.png
404,luxio,305,9,electric,https://raw.githubusercontent.com/PokeAPI/sprites/master/sprites/pokemon/404.png
405,luxray,420,14,electric,https://raw.githubusercontent.com/PokeAPI/sprites/master/sprites/pokemon/405.png
406,budew,12,2,grass,https://raw.githubusercontent.com/PokeAPI/sprites/master/sprites/pokemon/406.png
407,roserade,145,9,grass,https://raw.githubusercontent.com/PokeAPI/sprites/master/sprites/pokemon/407.png
408,cranidos,315,9,rock,https://raw.githubusercontent.com/PokeAPI/sprites/master/sprites/pokemon/408.png
409,rampardos,1025,16,rock,https://raw.githubusercontent.com/PokeAPI/sprites/master/sprites/pokemon/409.png
410,shieldon,570,5,rock,https://raw.githubusercontent.com/PokeAPI/sprites/master/sprites/pokemon/410.png
411,bastiodon,1495,13,rock,https://raw.githubusercontent.com/PokeAPI/sprites/master/sprites/pokemon/411.png
412,burmy,34,2,bug,https://raw.githubusercontent.com/PokeAPI/sprites/master/sprites/pokemon/412.png
413,wormadam_plant,65,5,bug,https://raw.githubusercontent.com/PokeAPI/sprites/master/sprites/pokemon/413.png
414,mothim,233,9,bug,https://raw.githubusercontent.com/PokeAPI/sprites/master/sprites/pokemon/414.png
415,combee,55,3,bug,https://raw.githubusercontent.com/PokeAPI/sprites/master/sprites/pokemon/415.png
416,vespiquen,385,12,bug,https://raw.githubusercontent.com/PokeAPI/sprites/master/sprites/pokemon/416.png
417,pachirisu,39,4,electric,https://raw.githubusercontent.com/PokeAPI/sprites/master/sprites/pokemon/417.png
418,buizel,295,7,water,https://raw.githubusercontent.com/PokeAPI/sprites/master/sprites/pokemon/418.png
419,floatzel,335,11,water,https://raw.githubusercontent.com/PokeAPI/sprites/master/sprites/pokemon/419.png
420,cherubi,33,4,grass,https://raw.githubusercontent.com/PokeAPI/sprites/master/sprites/pokemon/420.png
421,cherrim,93,5,grass,https://raw.githubusercontent.com/PokeAPI/sprites/master/sprites/pokemon/421.png
422,shellos,63,3,water,https://raw.githubusercontent.com/PokeAPI/sprites/master/sprites/pokemon/422.png
423,gastrodon,299,9,water,https://raw.githubusercontent.com/PokeAPI/sprites/master/sprites/pokemon/423.png
424,ambipom,203,12,normal,https://raw.githubusercontent.com/PokeAPI/sprites/master/sprites/pokemon/424.png
425,drifloon,12,4,ghost,https://raw.githubusercontent.com/PokeAPI/sprites/master/sprites/pokemon/425.png
426,drifblim,150,12,ghost,https://raw.githubusercontent.com/PokeAPI/sprites/master/sprites/pokemon/426.png
427,buneary,55,4,normal,https://raw.githubusercontent.com/PokeAPI/sprites/master/sprites/pokemon/427.png
428,lopunny,333,12,normal,https://raw.githubusercontent.com/PokeAPI/sprites/master/sprites/pokemon/428.png
429,mismagius,44,9,ghost,https://raw.githubusercontent.com/PokeAPI/sprites/master/sprites/pokemon/429.png
430,honchkrow,273,9,dark,https://raw.githubusercontent.com/PokeAPI/sprites/master/sprites/pokemon/430.png
431,glameow,39,5,normal,https://raw.githubusercontent.com/PokeAPI/sprites/master/sprites/pokemon/431.png
432,purugly,438,10,normal,https://raw.githubusercontent.com/PokeAPI/sprites/master/sprites/pokemon/432.png
433,chingling,6,2,psychic,https://raw.githubusercontent.com/PokeAPI/sprites/master/sprites/pokemon/433.png
434,stunky,192,4,poison,https://raw.githubusercontent.com/PokeAPI/sprites/master/sprites/pokemon/434.png
435,skuntank,380,10,poison,https://raw.githubusercontent.com/PokeAPI/sprites/master/sprites/pokemon/435.png
436,bronzor,605,5,steel,https://raw.githubusercontent.com/PokeAPI/sprites/master/sprites/pokemon/436.png
437,bronzong,1870,13,steel,https://raw.githubusercontent.com/PokeAPI/sprites/master/sprites/pokemon/437.png
438,bonsly,150,5,rock,https://raw.githubusercontent.com/PokeAPI/sprites/master/sprites/pokemon/438.png
439,mime_jr,130,6,psychic,https://raw.githubusercontent.com/PokeAPI/sprites/master/sprites/pokemon/439.png
440,happiny,244,6,normal,https://raw.githubusercontent.com/PokeAPI/sprites/master/sprites/pokemon/440.png
441,chatot,19,5,normal,https://raw.githubusercontent.com/PokeAPI/sprites/master/sprites/pokemon/441.png
442,spiritomb,1080,10,ghost,https://raw.githubusercontent.com/PokeAPI/sprites/master/sprites/pokemon/442.png
443,gible,205,7,dragon,https://raw.githubusercontent.com/PokeAPI/sprites/master/sprites/pokemon/443.png
444,gabite,560,14,dragon,https://raw.githubusercontent.com/PokeAPI/sprites/master/sprites/pokemon/444.png
445,garchomp,950,19,dragon,https://raw.githubusercontent.com/PokeAPI/sprites/master/sprites/pokemon/445.png
446,munchlax,1050,6,normal,https://raw.githubusercontent.com/PokeAPI/sprites/master/sprites/pokemon/446.png
447,riolu,202,7,fighting,https://raw.githubusercontent.com/PokeAPI/sprites/master/sprites/pokemon/447.png
448,lucario,540,12,fighting,https://raw.githubusercontent.com/PokeAPI/sprites/master/sprites/pokemon/448.png
449,hippopotas,495,8,ground,https://raw.githubusercontent.com/PokeAPI/sprites/master/sprites/pokemon/449.png
450,hippowdon,3000,20,ground,https://raw.githubusercontent.com/PokeAPI/sprites/master/sprites/pokemon/450.png
451,skorupi,120,8,poison,https://raw.githubusercontent.com/PokeAPI/sprites/master/sprites/pokemon/451.png
452,drapion,615,13,poison,https://raw.githubusercontent.com/PokeAPI/sprites/master/sprites/pokemon/452.png
453,croagunk,230,7,poison,https://raw.githubusercontent.com/PokeAPI/sprites/master/sprites/pokemon/453.png
454,toxicroak,444,13,poison,https://raw.githubusercontent.com/PokeAPI/sprites/master/sprites/pokemon/454.png
455,carnivine,270,14,grass,https://raw.githubusercontent.com/PokeAPI/sprites/master/sprites/pokemon/455.png
456,finneon,70,4,water,https://raw.githubusercontent.com/PokeAPI/sprites/master/sprites/pokemon/456.png
457,lumineon,240,12,water,https://raw.githubusercontent.com/PokeAPI/sprites/master/sprites/pokemon/457.png
458,mantyke,650,10,water,https://raw.githubusercontent.com/PokeAPI/sprites/master/sprites/pokemon/458.png
459,snover,505,10,grass,https://raw.githubusercontent.com/PokeAPI/sprites/master/sprites/pokemon/459.png
460,abomasnow,1355,22,grass,https://raw.githubusercontent.com/PokeAPI/sprites/master/sprites/pokemon/460.png
461,weavile,340,11,dark,https://raw.githubusercontent.com/PokeAPI/sprites/master/sprites/pokemon/461.png
462,magnezone,1800,12,electric,https://raw.githubusercontent.com/PokeAPI/sprites/master/sprites/pokemon/462.png
463,lickilicky,1400,17,normal,https://raw.githubusercontent.com/PokeAPI/sprites/master/sprites/pokemon/463.png
464,rhyperior,2828,24,ground,https://raw.githubusercontent.com/PokeAPI/sprites/master/sprites/pokemon/464.png
465,tangrowth,1286,20,grass,https://raw.githubusercontent.com/PokeAPI/sprites/master/sprites/pokemon/465.png
466,electivire,1386,18,electric,https://raw.githubusercontent.com/PokeAPI/sprites/master/sprites/pokemon/466.png
467,magmortar,680,16,fire,https://raw.githubusercontent.com/PokeAPI/sprites/master/sprites/pokemon/467.png
468,togekiss,380,15,fairy,https://raw.githubusercontent.com/PokeAPI/sprites/master/sprites/pokemon/468.png
469,yanmega,515,19,bug,https://raw.githubusercontent.com/PokeAPI/sprites/master/sprites/pokemon/469.png
470,leafeon,255,10,grass,https://raw.githubusercontent.com/PokeAPI/sprites/master/sprites/pokemon/470.png
471,glaceon,259,8,ice,https://raw.githubusercontent.com/PokeAPI/sprites/master/sprites/pokemon/471.png
472,gliscor,425,20,ground,https://raw.githubusercontent.com/PokeAPI/sprites/master/sprites/pokemon/472.png
473,mamoswine,2910,25,ice,https://raw.githubusercontent.com/PokeAPI/sprites/master/sprites/pokemon/473.png
474,porygon_z,340,9,normal,https://raw.githubusercontent.com/PokeAPI/sprites/master/sprites/pokemon/474.png
475,gallade,520,16,psychic,https://raw.githubusercontent.com/PokeAPI/sprites/master/sprites/pokemon/475.png
476,probopass,3400,14,rock,https://raw.githubusercontent.com/PokeAPI/sprites/master/sprites/pokemon/476.png
477,dusknoir,1066,22,ghost,https://raw.githubusercontent.com/PokeAPI/sprites/master/sprites/pokemon/477.png
478,froslass,266,13,ice,https://raw.githubusercontent.com/PokeAPI/sprites/master/sprites/pokemon/478.png
479,rotom,3,3,electric,https://raw.githubusercontent.com/PokeAPI/sprites/master/sprites/pokemon/479.png
480,uxie,3,3,psychic,https://raw.githubusercontent.com/PokeAPI/sprites/master/sprites/pokemon/480.png
481,mesprit,3,3,psychic,https://raw.githubusercontent.com/PokeAPI/sprites/master/sprites/pokemon/481.png
482,azelf,3,3,psychic,https://raw.githubusercontent.com/PokeAPI/sprites/master/sprites/pokemon/482.png
483,dialga,6830,54,steel,https://raw.githubusercontent.com/PokeAPI/sprites/master/sprites/pokemon/483.png
484,palkia,3360,42,water,https://raw.githubusercontent.com/PokeAPI/sprites/master/sprites/pokemon/484.png
485,heatran,4300,17,fire,https://raw.githubusercontent.com/PokeAPI/sprites/master/sprites/pokemon/485.png
486,regigigas,4200,37,normal,https://raw.githubusercontent.com/PokeAPI/sprites/master/sprites/pokemon/486.png
487,giratina_altered,7500,45,ghost,https://raw.githubusercontent.com/PokeAPI/sprites/master/sprites/pokemon/487.png
488,cresselia,856,15,psychic,https://raw.githubusercontent.com/PokeAPI/sprites/master/sprites/pokemon/488.png
489,phione,31,4,water,https://raw.githubusercontent.com/PokeAPI/sprites/master/sprites/pokemon/489.png
490,manaphy,14,3,water,https://raw.githubusercontent.com/PokeAPI/sprites/master/sprites/pokemon/490.png
491,darkrai,505,15,dark,https://raw.githubusercontent.com/PokeAPI/sprites/master/sprites/pokemon/491.png
492,shaymin_land,21,2,grass,https://raw.githubusercontent.com/PokeAPI/sprites/master/sprites/pokemon/492.png
493,arceus,3200,32,normal,https://raw.githubusercontent.com/PokeAPI/sprites/master/sprites/pokemon/493.png
494,victini,40,4,psychic,https://raw.githubusercontent.com/PokeAPI/sprites/master/sprites/pokemon/494.png
495,snivy,81,6,grass,https://raw.githubusercontent.com/PokeAPI/sprites/master/sprites/pokemon/495.png
496,servine,160,8,grass,https://raw.githubusercontent.com/PokeAPI/sprites/master/sprites/pokemon/496.png
497,serperior,630,33,grass,https://raw.githubusercontent.com/PokeAPI/sprites/master/sprites/pokemon/497.png
498,tepig,99,5,fire,https://raw.githubusercontent.com/PokeAPI/sprites/master/sprites/pokemon/498.png
499,pignite,555,10,fire,https://raw.githubusercontent.com/PokeAPI/sprites/master/sprites/pokemon/499.png
500,emboar,1500,16,fire,https://raw.githubusercontent.com/PokeAPI/sprites/master/sprites/pokemon/500.png
